{"cameraMode":{"drawMode":0,"name":"Shaded","section":"Shading Mode"},"sceneLighting":false,"audioPlay":false,"sceneViewState":{"m_AlwaysRefresh":false,"showFog":true,"showSkybox":false,"showFlares":true,"showImageEffects":true,"showParticleSystems":true,"showVisualEffectGraphs":true,"m_FxEnabled":true},"in2DMode":false,"pivot":{"x":-0.31489115953445437,"y":0.460138201713562,"z":0.21976417303085328},"rotation":{"x":-0.07738269120454788,"y":0.7129853963851929,"z":-0.07969125360250473,"w":-0.6923269033432007},"size":0.7632872462272644,"orthographic":false}